client_id,pickup,destination,departureDate,departureTime,pickup_coordinates_lat,pickup_coordinates_lng,cluster
jXNpXoiqNwMJ7aqzPGDqXGtEeoAw,Hanoi - My Dinh Bus Station,Van Don Ferry Terminal,04/11/2025,14:45,21.03953519841788,106.03602182843537,1
ppG9UhBtbg3XWSk8WDdbQ3XGbhc1,Hanoi - My Dinh Bus Station,Ha Long - Tuan Chau Port,16/10/2025,13:00,20.90422998057275,105.67968556321208,2
VXySnu4Jmtyr2897SvWJJLsXBrSQ,Hanoi - My Dinh Bus Station,Van Don Ferry Terminal,03/01/2026,21:45,20.7730143970229,105.68898467469776,2
sLfFBYEyzJn6j0R33g6vKu2WMhmH,Hanoi - Yen Nghia Station,Ha Long - Tuan Chau Port,18/11/2025,11:00,20.86403176082075,105.99448570052594,1
4MmCs63i3SXrjzyWDt4ArRgDQui6,Hanoi - Giap Bat Station,Ha Long - Bai Chay Station,11/10/2025,09:45,20.94586415567234,105.80044122887188,2
VXySnu4Jmtyr2897SvWJJLsXBrSQ,Hanoi - Giap Bat Station,Ha Long - Tuan Chau Port,30/12/2025,23:45,21.24973363658226,105.65667270473791,0
rY8v3ctuvhnoZrGfnTdURJHxCh3f,Hanoi - Gia Lam Station,Uong Bi Bus Station,15/12/2025,23:00,20.77416828773541,105.6219879116058,2
0JMkBtwkumb7S1KQBBTkgcSWJroF,Hanoi - Luong Yen Station,Mong Cai Bus Station,11/12/2025,17:15,21.10385377274795,105.63582817923638,0
PSBsYbFPZh1ZBcovULcsasqktHsV,Hanoi - My Dinh Bus Station,Ha Long - Tuan Chau Port,20/11/2025,06:00,20.97038436981568,105.95998678720932,1
6RU4ZUd3KtciXxtwfJHPDZGd19sz,Hanoi - Gia Lam Station,Ha Long - Tuan Chau Port,08/10/2025,12:15,21.25478819173419,105.6622180490834,0
QGTN3ou53ZTxbzHiDxezYaekH9hK,Hanoi - Luong Yen Station,Ha Long - Tuan Chau Port,22/12/2025,09:15,20.99304994706477,105.6801445147059,2
MCork7ecnXRx9wqhFHAB0njp1hct,Hanoi - Gia Lam Station,Ha Long - Tuan Chau Port,06/12/2025,04:30,21.21852293240468,105.67177485490184,0
VCyot1NL8UUkUYJaNyrA5psgdY20,Hanoi - Luong Yen Station,Cam Pha Bus Station,29/11/2025,04:30,20.91396599673125,105.64703805989068,2
3YDywd7BUvXUx029HV0cWo8BkXNm,Hanoi - Gia Lam Station,Uong Bi Bus Station,21/10/2025,15:00,21.14717174395875,105.56465046991543,0
bHw9s6YHSHRdQsPTPfuAHCyjgYMb,Hanoi - My Dinh Bus Station,Mong Cai Bus Station,31/10/2025,16:30,21.2119008530872,106.05493459100973,1
Xai7GzwdME9BSiHDR9W3MUgieZNC,Hanoi - Long Bien Station,Cam Pha Bus Station,17/12/2025,15:00,21.00373352122131,105.5729573861976,2
jv0G8cwb5E8GVbRYFFAMBRiRCD5V,Hanoi - Yen Nghia Station,Ha Long - Bai Chay Station,18/10/2025,19:15,20.84714137785913,105.65699398780409,2
U4ajvWUuKSJzedT48ErwLq285r7h,Hanoi - Gia Lam Station,Ha Long - Bai Chay Station,14/12/2025,20:45,21.12020084524631,105.68557955345425,0
Ky86bwZ1Qm4TX6NZYfrfm2g81uoV,Hanoi - Gia Lam Station,Ha Long - Tuan Chau Port,18/12/2025,21:30,21.16155613933006,105.9680505805284,1
H7TRH1QWgxgKGA1m3R8w1Xeyznzn,Hanoi - Luong Yen Station,Uong Bi Bus Station,02/01/2026,21:15,20.78088771945773,105.64697315014756,2
FdtdN44LRQthPZLk6dxdf5ZwPVry,Hanoi - Giap Bat Station,Ha Long - Tuan Chau Port,17/12/2025,21:30,20.74213104198783,105.91752592674491,2
g3hfi2XvVYgoFBH6ao8nM9qPyyjN,Hanoi - Yen Nghia Station,Ha Long - Bai Chay Station,15/10/2025,13:45,20.72166201033335,105.59243056152384,2
fBXQQaXaKuzwDDHGBm5eWQChAzv1,Hanoi - Long Bien Station,Ha Long - Bai Chay Station,19/10/2025,04:45,21.10437425856264,105.54080571962982,0
nHZPMGctigBfiwzUSvtN3syFfQcz,Hanoi - Gia Lam Station,Cam Pha Bus Station,24/12/2025,08:30,20.74657497029867,105.52743668368626,2
fCBLJPkbzvobp8XPSQJhU0b6W6WC,Hanoi - Gia Lam Station,Mong Cai Bus Station,12/12/2025,15:45,21.07450537109915,105.96095656466746,1
CJNJCqxPDdZ1Th69hFJ8Rh0dL74k,Hanoi - Gia Lam Station,Mong Cai Bus Station,19/11/2025,08:30,20.92046220293123,105.71581873525372,2
dWPYHvp7CUgDj18ec3FxRgXCSzpt,Hanoi - Long Bien Station,Van Don Ferry Terminal,20/12/2025,13:00,20.75174247267534,105.58965734135572,2
nFNtsmGHTwwat85zMCPL19X0sizk,Hanoi - Long Bien Station,Cam Pha Bus Station,04/01/2026,12:00,20.87343126403667,105.72495612456784,2
B6wUkk1DH0XdSaV96wSAPPDEQMDw,Hanoi - Gia Lam Station,Cam Pha Bus Station,03/12/2025,05:45,20.71986253490612,105.86059735081793,2
nfrbbBmwXucXGu0h9u5r4tzkjPdY,Hanoi - My Dinh Bus Station,Ha Long - Tuan Chau Port,03/01/2026,14:00,21.0473448626086,106.06382463702316,1
WkabL5sgEJZvKB2xwVrKbZ7EF3uu,Hanoi - Yen Nghia Station,Mong Cai Bus Station,02/01/2026,13:15,20.73431510820787,105.94607403964643,1
eAVHWHf9kD3GQQyrKX6MaoZ7ydxN,Hanoi - Gia Lam Station,Mong Cai Bus Station,16/10/2025,15:45,20.89935239242354,105.6478600162432,2
yntyJdTX4HWT46eSKkrTQXKm0HTU,Hanoi - Long Bien Station,Van Don Ferry Terminal,30/12/2025,18:30,21.06114518066963,105.65201410143922,0
i03h2dmt9C4UWf92Gevw1iSeMd4x,Hanoi - Gia Lam Station,Ha Long - Tuan Chau Port,09/12/2025,11:30,21.20482514235088,105.75190706520893,0
YW0fprswqCbWpPpfdu7HuZ6iuSaU,Hanoi - Gia Lam Station,Van Don Ferry Terminal,16/11/2025,19:00,21.16821965286425,105.75991011581148,0
Dvax2KT5TPE5f0eTd2aTPLrPHdvg,Hanoi - Long Bien Station,Ha Long - Bai Chay Station,11/12/2025,14:00,21.26668656686547,106.00757456236022,1
4YsY0BBigWuVeW9Hhfnq2LKojPdq,Hanoi - Yen Nghia Station,Ha Long - Tuan Chau Port,16/10/2025,07:15,20.97948939171836,105.853339795193,1
JUR6jWT0d6yoBYp6jLjHnZ2PoEmL,Hanoi - Yen Nghia Station,Ha Long - Tuan Chau Port,08/12/2025,09:00,20.84889842497288,105.66965587726597,2
x8EpX4s0vqcE9AEDHnw94Xw8USVa,Hanoi - Gia Lam Station,Ha Long - Tuan Chau Port,29/12/2025,13:00,20.78178457318839,105.96620953444848,1
i2z6p7hb9jS5cngij2BnQ0J3Dwj7,Hanoi - Luong Yen Station,Mong Cai Bus Station,09/10/2025,10:30,20.82559836761163,105.54952989138371,2
Jv4W3hW1ZuCpDC3zmRCPUZTnQXKq,Hanoi - Yen Nghia Station,Mong Cai Bus Station,27/12/2025,10:45,21.29313936229826,105.76569353270294,0
VCyot1NL8UUkUYJaNyrA5psgdY20,Hanoi - Long Bien Station,Ha Long - Tuan Chau Port,24/10/2025,17:30,20.9862890279686,105.5853812219668,2
k68sYWhXcdAyZZzUsjN95x7tvu9w,Hanoi - Gia Lam Station,Van Don Ferry Terminal,08/11/2025,20:15,20.89776620011193,105.7972428620015,2
MCork7ecnXRx9wqhFHAB0njp1hct,Hanoi - My Dinh Bus Station,Uong Bi Bus Station,20/10/2025,05:00,20.70790945919809,105.87868229667644,2
8BkP55voVnCbakj2stLiGFKxaXmS,Hanoi - Giap Bat Station,Uong Bi Bus Station,01/11/2025,05:45,21.25850957279086,105.66378116730355,0
6SBCyEzpjHx58XwKVgRWw8fvRbRi,Hanoi - Gia Lam Station,Cam Pha Bus Station,25/10/2025,15:30,21.14009939183453,105.64345044714214,0
4EUWLSSEAc6880ScADGRBVHGumn5,Hanoi - Gia Lam Station,Ha Long - Bai Chay Station,29/10/2025,08:15,21.01757805814883,105.923167032815,1
u9AgXaioaYFcxVkDhmjMCt7RndL2,Hanoi - Yen Nghia Station,Ha Long - Tuan Chau Port,18/11/2025,17:45,21.14060476966135,105.93583003279792,1
zNEdTkn1GniuTBq4pP2y0gnv93fU,Hanoi - Long Bien Station,Ha Long - Bai Chay Station,28/12/2025,08:45,20.95944044900361,106.08449702300612,1
uP05Soc66vCLPh7Kxvpa5uERGgkW,Hanoi - My Dinh Bus Station,Cam Pha Bus Station,21/11/2025,08:30,21.06402456228106,106.0804006129067,1
fCBLJPkbzvobp8XPSQJhU0b6W6WC,Hanoi - My Dinh Bus Station,Ha Long - Tuan Chau Port,18/10/2025,07:45,20.84630006586793,105.86605118171488,2
EkAVy15vTEjd3E93QssSC94dqrWd,Hanoi - Long Bien Station,Van Don Ferry Terminal,05/11/2025,20:15,21.0856179180632,106.0376195056408,1
o96bHq5vWNDp5XZKH7sG0F0Hcihv,Hanoi - Long Bien Station,Van Don Ferry Terminal,17/10/2025,04:30,20.73777153279431,105.741872827721,2
MCork7ecnXRx9wqhFHAB0njp1hct,Hanoi - My Dinh Bus Station,Van Don Ferry Terminal,28/12/2025,10:15,21.16783782824011,105.61691969332794,0
QxTgr9C9VKTfb71wGPVHSu3cEgWU,Hanoi - Yen Nghia Station,Cam Pha Bus Station,16/11/2025,16:30,20.79285778160413,105.79179825203968,2
nFNtsmGHTwwat85zMCPL19X0sizk,Hanoi - My Dinh Bus Station,Ha Long - Bai Chay Station,17/10/2025,05:30,20.81240430798167,105.82855560534414,2
JmrWSCGwW8cfMG6d5HE5MuG1xH89,Hanoi - Gia Lam Station,Van Don Ferry Terminal,09/12/2025,13:45,21.12043553721246,105.75444918926792,0
QGTN3ou53ZTxbzHiDxezYaekH9hK,Hanoi - Long Bien Station,Ha Long - Tuan Chau Port,31/10/2025,14:45,20.81243434057366,105.887002143945,2
VCyot1NL8UUkUYJaNyrA5psgdY20,Hanoi - Long Bien Station,Van Don Ferry Terminal,20/12/2025,22:15,21.04861924688164,105.98499589298474,1
Ky86bwZ1Qm4TX6NZYfrfm2g81uoV,Hanoi - Gia Lam Station,Van Don Ferry Terminal,02/01/2026,05:00,20.91460138224064,105.54192130259882,2
fCBLJPkbzvobp8XPSQJhU0b6W6WC,Hanoi - Long Bien Station,Uong Bi Bus Station,07/12/2025,04:30,21.22237218615051,105.64732107356268,0
98xt5hbWMN2fQ6v9Yz1Yc42oaPKe,Hanoi - Luong Yen Station,Uong Bi Bus Station,11/12/2025,04:15,20.91183342780786,105.79689322316142,2
jv0G8cwb5E8GVbRYFFAMBRiRCD5V,Hanoi - Luong Yen Station,Mong Cai Bus Station,25/12/2025,11:30,21.08770524701245,105.93912660303282,1
fb2H2G2cbARNDSz2LjT9ZFSL9CPw,Hanoi - My Dinh Bus Station,Ha Long - Tuan Chau Port,27/11/2025,22:00,21.07719703153579,105.56780886345412,0
bAMbFqZbzmvAymAED7BwCrWrJBBh,Hanoi - Yen Nghia Station,Ha Long - Bai Chay Station,13/12/2025,10:15,20.90847264354678,105.69184972193268,2
nfrbbBmwXucXGu0h9u5r4tzkjPdY,Hanoi - Giap Bat Station,Uong Bi Bus Station,03/11/2025,10:45,20.93436442319,105.70700694683282,2
empgF78PyNHzFYwuqvLHMPsdN8dB,Hanoi - Long Bien Station,Uong Bi Bus Station,26/11/2025,14:00,21.0526867731032,105.85053425704815,1
ArPAAVLaNzeF7dhGX9YM3oR9CF7J,Hanoi - Gia Lam Station,Van Don Ferry Terminal,04/01/2026,18:00,20.76312890971782,105.65680148663505,2
NjbVmJNgdjX3ky6PU5J3hX14ZbC0,Hanoi - Giap Bat Station,Ha Long - Tuan Chau Port,16/10/2025,06:00,20.92403742600935,105.50619781662694,2
eAVHWHf9kD3GQQyrKX6MaoZ7ydxN,Hanoi - Long Bien Station,Uong Bi Bus Station,23/12/2025,14:00,21.07509981308866,106.00715388853908,1
z96TQRrZEcXmZCp6msckB0GWSPGa,Hanoi - My Dinh Bus Station,Uong Bi Bus Station,20/11/2025,08:15,20.74805620699076,105.98118905640231,1
5zicTrKJQrxmaGcu2MXjnaxa9Vxo,Hanoi - Yen Nghia Station,Cam Pha Bus Station,30/10/2025,09:15,21.05967973920868,105.86356945129484,1
4Ls4Emsiq38yDUopXR7E1VMQhrQP,Hanoi - Luong Yen Station,Mong Cai Bus Station,15/12/2025,11:30,20.96737156327817,105.9232503931367,1
rhE8C7SLSqHkiThjZXsL202yuyJ0,Hanoi - Gia Lam Station,Ha Long - Bai Chay Station,16/12/2025,05:45,21.08560536591892,105.74005395686603,0
rkLpbwDEfnc3gerrK1AU00G1JdNT,Hanoi - Luong Yen Station,Van Don Ferry Terminal,01/11/2025,17:15,20.95713445947623,105.90985782171914,1
0HM7nTyhFZtB8tJry0qZKqMDhULX,Hanoi - My Dinh Bus Station,Uong Bi Bus Station,09/10/2025,07:45,21.0116843681671,105.74337709915848,0
ceCiwF1K0p62egB6X1hpxMowqLPp,Hanoi - My Dinh Bus Station,Uong Bi Bus Station,28/10/2025,19:45,21.16544163096034,106.00090534876142,1
qFHU3GeA38uhuWPbSYY2ayirExXF,Hanoi - My Dinh Bus Station,Uong Bi Bus Station,14/12/2025,14:30,20.88766559056999,105.80507369801865,2
wW0Af90EPZRxVn1Ra2kbQbyyfw8k,Hanoi - Yen Nghia Station,Ha Long - Bai Chay Station,28/12/2025,11:30,21.17519092943831,105.75736493385834,0
8eepLFUFvZ4P5zUVes1ptbeJsY6M,Hanoi - Long Bien Station,Ha Long - Tuan Chau Port,14/10/2025,09:30,21.27635085321667,105.84081079742474,0
fyfwdwDN9U7JNaWwncvaCMdumReX,Hanoi - Giap Bat Station,Mong Cai Bus Station,26/10/2025,22:00,21.2543267866597,105.9920788753885,1
u9AgXaioaYFcxVkDhmjMCt7RndL2,Hanoi - My Dinh Bus Station,Ha Long - Bai Chay Station,10/10/2025,11:15,21.05602412962894,106.02576037595988,1
nHZPMGctigBfiwzUSvtN3syFfQcz,Hanoi - My Dinh Bus Station,Van Don Ferry Terminal,19/12/2025,23:30,20.82922611543781,105.87472954700584,2
u30qxonu5qWwnaXS0scKCZW8TmoW,Hanoi - Luong Yen Station,Van Don Ferry Terminal,14/10/2025,12:30,21.22735849016105,105.68667375443162,0
DxHLqHHCJjYpssVBdoJYcaaR0ctQ,Hanoi - My Dinh Bus Station,Ha Long - Tuan Chau Port,05/01/2026,10:30,21.16311427034921,105.74773597995528,0
TuuJLXGWK8EbsXgbey1Yt2KcBZmu,Hanoi - Gia Lam Station,Mong Cai Bus Station,15/10/2025,11:30,20.7196752349022,105.98032744627687,1
mKs89r1TUyZbAgjf7T4YhJG1KmQY,Hanoi - Yen Nghia Station,Van Don Ferry Terminal,04/01/2026,09:30,21.00808937541571,105.8499828655814,1
SY6eRMiVCyq3NVL5dtoJearhuDqV,Hanoi - Yen Nghia Station,Van Don Ferry Terminal,01/11/2025,23:00,20.73147231068568,105.90490402800302,2
B6wUkk1DH0XdSaV96wSAPPDEQMDw,Hanoi - My Dinh Bus Station,Uong Bi Bus Station,10/11/2025,15:45,20.83769542042781,105.67127334893662,2
z96TQRrZEcXmZCp6msckB0GWSPGa,Hanoi - Giap Bat Station,Mong Cai Bus Station,19/11/2025,11:15,20.73641781805042,105.6858657254188,2
uP05Soc66vCLPh7Kxvpa5uERGgkW,Hanoi - Luong Yen Station,Cam Pha Bus Station,04/01/2026,07:15,21.24075746498005,105.81313900803782,0
Dvax2KT5TPE5f0eTd2aTPLrPHdvg,Hanoi - Giap Bat Station,Ha Long - Bai Chay Station,28/12/2025,18:00,20.7163021052719,105.67725195207043,2
BJsjP17j8JLt5MaTdkc6FaVMYMSf,Hanoi - Giap Bat Station,Uong Bi Bus Station,06/11/2025,11:15,21.18026096423337,106.02409927615028,1
mKs89r1TUyZbAgjf7T4YhJG1KmQY,Hanoi - Giap Bat Station,Mong Cai Bus Station,03/12/2025,23:00,20.84661797913743,105.80108084383345,2
d1GvQZzEc7rFn0qSWd5q6oVQy3pj,Hanoi - Giap Bat Station,Mong Cai Bus Station,15/12/2025,06:30,20.87266574846859,105.76913771151132,2
XVm4R1SUhTVtYFp8nW82x6ZqrNyp,Hanoi - Giap Bat Station,Ha Long - Tuan Chau Port,24/12/2025,09:45,21.23153286294319,106.00592258121104,1
4QwKmJX3Bhuy1DFScZecEJ8dYvJS,Hanoi - Long Bien Station,Uong Bi Bus Station,27/10/2025,04:00,20.98294899295393,106.04294420087568,1
VCyot1NL8UUkUYJaNyrA5psgdY20,Hanoi - Luong Yen Station,Mong Cai Bus Station,15/12/2025,18:15,21.09367260602096,106.0171082010338,1
4cuXkyqQCY4unwhuhvdDrsX6ZNkS,Hanoi - Yen Nghia Station,Mong Cai Bus Station,04/01/2026,08:15,20.86005266545253,105.92830058260498,1
ceCiwF1K0p62egB6X1hpxMowqLPp,Hanoi - Yen Nghia Station,Ha Long - Tuan Chau Port,20/11/2025,11:00,20.92231098727758,105.55205109086609,2
QGTN3ou53ZTxbzHiDxezYaekH9hK,Hanoi - Yen Nghia Station,Ha Long - Bai Chay Station,03/11/2025,22:15,20.81967071660441,105.77423055684864,2
0HM7nTyhFZtB8tJry0qZKqMDhULX,Hanoi - Giap Bat Station,Van Don Ferry Terminal,04/12/2025,20:15,20.76659059493116,105.56475640542092,2
8eXChfeNoTT2BZHVyPiGXnbTvyEC,Hanoi - Gia Lam Station,Van Don Ferry Terminal,15/11/2025,18:15,20.79827372790515,105.85337952253582,2
EJAqjVKcSBepUKarrAeoHGQ4We2E,Hanoi - Gia Lam Station,Mong Cai Bus Station,07/11/2025,06:15,20.84246823421616,105.7808824104544,2
nUnTtmJG1SGdLGuDzYx2MsrGiWTo,Hanoi - Gia Lam Station,Cam Pha Bus Station,15/10/2025,09:30,21.28334947314587,105.81126231038824,0
QrHt5TWB0P1fiTqrZFmvNk0AGKXQ,Hanoi - Long Bien Station,Ha Long - Bai Chay Station,26/10/2025,04:45,20.89847739367224,105.86725376438233,1
XfpQuwEmbCNs9MCsk4De6zsNgwu7,Hanoi - Yen Nghia Station,Uong Bi Bus Station,15/10/2025,15:00,20.7489214119259,106.02485902985134,1
d1GvQZzEc7rFn0qSWd5q6oVQy3pj,Hanoi - Giap Bat Station,Uong Bi Bus Station,12/11/2025,07:00,21.18574371137582,105.86785140041113,0
5Lp8kFfCzyNwcFrNvmePAsReZK69,Hanoi - Long Bien Station,Ha Long - Tuan Chau Port,17/10/2025,06:45,20.99044118959511,105.95286546502844,1
nfrbbBmwXucXGu0h9u5r4tzkjPdY,Hanoi - Luong Yen Station,Cam Pha Bus Station,19/10/2025,23:30,20.79432189985983,105.96544646585528,1
WQSquTAuU9LnT0gTfjzwyE0mJT2T,Hanoi - Giap Bat Station,Cam Pha Bus Station,03/01/2026,12:00,21.11554045774184,105.89372193486274,1
0bYyoVdBWYF3riQDB5rCeEV3aW6Z,Hanoi - My Dinh Bus Station,Cam Pha Bus Station,18/12/2025,04:15,21.16407338199942,105.7538011870673,0
FdtdN44LRQthPZLk6dxdf5ZwPVry,Hanoi - Long Bien Station,Cam Pha Bus Station,09/11/2025,12:15,21.02638156813948,105.54149478313516,0
NLrcKh8AY34jvc1CrMFVZkxSJwyG,Hanoi - My Dinh Bus Station,Uong Bi Bus Station,10/10/2025,22:00,21.17315957672243,105.60366293754868,0
8rfzq2uekE4hajihiSnnob0tHhpf,Hanoi - Long Bien Station,Cam Pha Bus Station,28/10/2025,17:15,20.9623506838732,106.05862563382996,1
yntyJdTX4HWT46eSKkrTQXKm0HTU,Hanoi - Long Bien Station,Uong Bi Bus Station,09/12/2025,10:00,20.98155979273373,105.5403018665758,2
8BkP55voVnCbakj2stLiGFKxaXmS,Hanoi - My Dinh Bus Station,Van Don Ferry Terminal,13/12/2025,07:00,20.8648817025106,106.07738364908997,1
qa7LJVYysqACSeH0mVs5ymBh2mLc,Hanoi - Long Bien Station,Van Don Ferry Terminal,14/11/2025,10:30,20.76059359314236,105.8160237719344,2
9o6VQroVqE5r9GoAhBE3SgkSo2os,Hanoi - Giap Bat Station,Ha Long - Bai Chay Station,22/12/2025,08:30,21.08046052822205,106.09458133176786,1
gYF2M7zhuLZYrWxudWHeVzhJxc4C,Hanoi - Yen Nghia Station,Van Don Ferry Terminal,08/10/2025,11:00,20.92768787914242,105.82066664507217,2
nHZPMGctigBfiwzUSvtN3syFfQcz,Hanoi - Yen Nghia Station,Mong Cai Bus Station,13/11/2025,06:15,20.92931088631229,105.50016524696628,2
nhv4oGbLtJavMUnMHte1sBem7ixh,Hanoi - Giap Bat Station,Cam Pha Bus Station,18/10/2025,10:15,21.00263844603036,105.75372810366648,2
o96bHq5vWNDp5XZKH7sG0F0Hcihv,Hanoi - Yen Nghia Station,Cam Pha Bus Station,28/12/2025,09:00,20.99561033033537,105.9211822863452,1
021vVgEVfNJQFLzTZJ08m79hgHQM,Hanoi - Luong Yen Station,Ha Long - Bai Chay Station,01/11/2025,06:00,20.8343947462503,105.60046984987204,2
mrjY2bk6zFrs7z1BdfuDspCgK6tg,Hanoi - Giap Bat Station,Mong Cai Bus Station,16/10/2025,21:30,20.92985486816589,105.95850561481298,1
tGwqdgKg7Q57HrvfugwkSmbtVm2s,Hanoi - Yen Nghia Station,Mong Cai Bus Station,21/12/2025,07:30,21.25567557629314,105.58818401704484,0
ppG9UhBtbg3XWSk8WDdbQ3XGbhc1,Hanoi - Giap Bat Station,Ha Long - Bai Chay Station,09/12/2025,13:15,20.74686599388372,105.58577363925647,2
4cuXkyqQCY4unwhuhvdDrsX6ZNkS,Hanoi - My Dinh Bus Station,Van Don Ferry Terminal,13/12/2025,19:30,21.15453112435236,105.73199957193891,0
1pYYCVPp07h76SVAKYLGndCgdRk9,Hanoi - Long Bien Station,Uong Bi Bus Station,21/12/2025,17:30,21.2112812273263,106.0280510077742,1
fyfwdwDN9U7JNaWwncvaCMdumReX,Hanoi - Giap Bat Station,Van Don Ferry Terminal,19/12/2025,15:15,20.7885310757741,105.58656112412451,2
wzbQ6vtWL2GQaJpXskbPqmV9kkav,Hanoi - Gia Lam Station,Ha Long - Tuan Chau Port,08/12/2025,09:30,21.10852628552093,106.00942306020728,1
cK8WKwiCgADGYo5wv33SXzBLiN63,Hanoi - Long Bien Station,Ha Long - Tuan Chau Port,20/10/2025,16:00,21.28443538538111,105.77852192185738,0
ECN9rBKMYALGY4LAZwHFTk8JpsS3,Hanoi - Yen Nghia Station,Ha Long - Bai Chay Station,13/10/2025,04:15,20.7871604505554,106.0831678632015,1
ttXXYWpgSh7W4SCshJBg2ZS4zfNZ,Hanoi - Yen Nghia Station,Uong Bi Bus Station,11/11/2025,22:30,20.87702374052255,105.8024367570758,2
WQSquTAuU9LnT0gTfjzwyE0mJT2T,Hanoi - Long Bien Station,Mong Cai Bus Station,30/10/2025,14:00,21.00990034714297,105.57240565584912,2
rhE8C7SLSqHkiThjZXsL202yuyJ0,Hanoi - Long Bien Station,Ha Long - Bai Chay Station,23/11/2025,19:45,20.955360207995,105.69684123085516,2
UJbLjQfvB17u2prvZCaD7sHkjotm,Hanoi - Luong Yen Station,Mong Cai Bus Station,10/12/2025,10:15,21.05007563537836,105.59740893465816,0
YW0fprswqCbWpPpfdu7HuZ6iuSaU,Hanoi - Giap Bat Station,Uong Bi Bus Station,16/11/2025,06:45,21.10647167241747,105.65327361652834,0
nhv4oGbLtJavMUnMHte1sBem7ixh,Hanoi - Yen Nghia Station,Van Don Ferry Terminal,11/10/2025,20:30,20.7037031081117,105.87828043742476,2
Ek9onC2PPLEJxdwbicoL7Lf4FQjN,Hanoi - Gia Lam Station,Van Don Ferry Terminal,09/12/2025,16:30,20.76650198225405,106.0412494506771,1
JUR6jWT0d6yoBYp6jLjHnZ2PoEmL,Hanoi - Gia Lam Station,Ha Long - Tuan Chau Port,20/12/2025,21:15,20.9237845217025,105.99270038371704,1
XfpQuwEmbCNs9MCsk4De6zsNgwu7,Hanoi - Long Bien Station,Uong Bi Bus Station,13/12/2025,13:15,20.8293571600001,105.59672371558324,2
4jK83WofNSmxFJTHf88uuwLaSQ3y,Hanoi - Gia Lam Station,Ha Long - Tuan Chau Port,27/10/2025,04:00,20.77184736865574,105.54332765101476,2
Xai7GzwdME9BSiHDR9W3MUgieZNC,Hanoi - Yen Nghia Station,Mong Cai Bus Station,04/12/2025,15:15,21.11212909762077,105.74763487102564,0
YyGDcMdrESwkjRdGYLA5Kpp1VS02,Hanoi - Giap Bat Station,Uong Bi Bus Station,05/11/2025,04:30,20.88482223131564,105.86732138748536,1
yfjqKPWLz2vUB7GNfaEZbE5AZntF,Hanoi - My Dinh Bus Station,Ha Long - Bai Chay Station,09/12/2025,10:15,20.78059326252745,105.62815133691504,2
Ti4xbVPoD3c6Exxstiuk05VgqF5i,Hanoi - My Dinh Bus Station,Cam Pha Bus Station,03/01/2026,18:45,20.86423989903747,105.54319329568231,2
UJbLjQfvB17u2prvZCaD7sHkjotm,Hanoi - Giap Bat Station,Ha Long - Tuan Chau Port,10/11/2025,13:00,20.70023540601234,105.5118462898191,2
ECN9rBKMYALGY4LAZwHFTk8JpsS3,Hanoi - Long Bien Station,Cam Pha Bus Station,04/12/2025,20:00,20.97715018106637,105.55509207770228,2
7bmSUYYmrv7SrEqXhDj0NT3BqkQy,Hanoi - Yen Nghia Station,Ha Long - Bai Chay Station,31/10/2025,20:00,20.93970418845388,105.9281632847332,1
cK8WKwiCgADGYo5wv33SXzBLiN63,Hanoi - Giap Bat Station,Ha Long - Bai Chay Station,12/12/2025,06:15,21.07781255828652,105.87964632357604,1
aWhniNgGhvbPUWKd61Cwd8xSWA5E,Hanoi - Giap Bat Station,Van Don Ferry Terminal,09/11/2025,14:00,20.95493763120009,105.74647985027376,2
fb2H2G2cbARNDSz2LjT9ZFSL9CPw,Hanoi - Giap Bat Station,Uong Bi Bus Station,12/12/2025,17:15,21.05182362582029,106.00189308165642,1
YW0fprswqCbWpPpfdu7HuZ6iuSaU,Hanoi - Yen Nghia Station,Uong Bi Bus Station,05/11/2025,05:00,20.73805752469118,105.70715590688737,2
yfjqKPWLz2vUB7GNfaEZbE5AZntF,Hanoi - Luong Yen Station,Mong Cai Bus Station,01/01/2026,04:30,21.24149163692007,105.78524589559248,0
6SBCyEzpjHx58XwKVgRWw8fvRbRi,Hanoi - Yen Nghia Station,Ha Long - Bai Chay Station,01/12/2025,06:45,21.10641519924598,105.83699439094391,0
dWPYHvp7CUgDj18ec3FxRgXCSzpt,Hanoi - Long Bien Station,Mong Cai Bus Station,23/10/2025,04:30,21.28532551793249,105.7908236525121,0
mKs89r1TUyZbAgjf7T4YhJG1KmQY,Hanoi - Luong Yen Station,Uong Bi Bus Station,02/01/2026,22:45,21.16671711175573,105.7305430688408,0
bAMbFqZbzmvAymAED7BwCrWrJBBh,Hanoi - Long Bien Station,Ha Long - Bai Chay Station,27/10/2025,16:30,21.19200228920337,106.04927480025846,1
VCyot1NL8UUkUYJaNyrA5psgdY20,Hanoi - My Dinh Bus Station,Uong Bi Bus Station,03/12/2025,17:00,21.22039617310501,105.84500886919491,0
0HM7nTyhFZtB8tJry0qZKqMDhULX,Hanoi - Long Bien Station,Van Don Ferry Terminal,02/01/2026,23:30,21.18119581135071,106.07857843966868,1
6DDdVHfRsYndViYKa4wjHuimxFJB,Hanoi - Giap Bat Station,Ha Long - Tuan Chau Port,29/10/2025,15:00,20.70707041376767,105.715065399555,2
VCyot1NL8UUkUYJaNyrA5psgdY20,Hanoi - Giap Bat Station,Ha Long - Tuan Chau Port,04/01/2026,17:15,20.9677687973305,105.60898158857698,2
kypn0whS0WwRx72y51XmF5NyTMFf,Hanoi - Luong Yen Station,Ha Long - Bai Chay Station,18/11/2025,10:30,20.90794337614491,105.90264590179991,1
rY8v3ctuvhnoZrGfnTdURJHxCh3f,Hanoi - Long Bien Station,Cam Pha Bus Station,18/12/2025,11:15,21.00810440075701,105.62261224479576,2
UJbLjQfvB17u2prvZCaD7sHkjotm,Hanoi - Luong Yen Station,Van Don Ferry Terminal,20/12/2025,14:15,20.86632056368536,105.54384033060404,2
4cuXkyqQCY4unwhuhvdDrsX6ZNkS,Hanoi - Luong Yen Station,Van Don Ferry Terminal,02/12/2025,12:45,21.23919194499937,105.62647174605334,0
WH8UkHAHP2RE21ZdCSzuBmw4N8fi,Hanoi - Gia Lam Station,Mong Cai Bus Station,10/10/2025,15:00,20.91749538907821,105.91812534473858,1
zNEdTkn1GniuTBq4pP2y0gnv93fU,Hanoi - Gia Lam Station,Mong Cai Bus Station,23/12/2025,09:00,21.15877762250306,105.52722872243731,0
gYF2M7zhuLZYrWxudWHeVzhJxc4C,Hanoi - Gia Lam Station,Uong Bi Bus Station,11/10/2025,05:45,21.06649885493339,105.86520134213588,1
BBMzi2JL5A5hBFr92dqKqjSVMhjK,Hanoi - Luong Yen Station,Van Don Ferry Terminal,08/12/2025,16:15,20.92127203171639,106.09589176386628,1
mkUUfK7swwnVB5wZZfdFb8omh6Hd,Hanoi - Long Bien Station,Ha Long - Tuan Chau Port,30/10/2025,10:15,21.1204306323364,105.59732852847064,0
JeFg69TW0HxTPW6HHWnPhrieNbbg,Hanoi - Long Bien Station,Ha Long - Tuan Chau Port,23/10/2025,16:30,20.87808896419557,105.62845540100986,2
HFYRKef59G9m1dzJFBufd7EehDeg,Hanoi - Long Bien Station,Van Don Ferry Terminal,16/10/2025,22:00,21.07514876599944,105.56497615851544,0
gYF2M7zhuLZYrWxudWHeVzhJxc4C,Hanoi - Long Bien Station,Ha Long - Tuan Chau Port,25/11/2025,11:45,20.71401321258326,105.75804189430416,2
VSxrebbCT49yfFQqQbxDtZXBUnbZ,Hanoi - Giap Bat Station,Uong Bi Bus Station,31/12/2025,22:00,20.96437293260709,105.67643780311194,2
5iEy78NNhD4Jhu6GicHZm6HJ3o67,Hanoi - Luong Yen Station,Ha Long - Tuan Chau Port,17/12/2025,22:00,21.13827502489895,105.78971201260036,0
yvrchDkkxhiXNEb8MS0V7jfEheSj,Hanoi - Giap Bat Station,Cam Pha Bus Station,11/10/2025,11:15,21.13639982558245,105.76993138412952,0
ivg27bdNU4TACKs7pf2jhZ9NSvhf,Hanoi - Gia Lam Station,Ha Long - Bai Chay Station,25/11/2025,09:45,21.29332273372862,105.63166871554266,0
cb2Kj2LnBt5q1MAjx8wJwxVKrKBy,Hanoi - Gia Lam Station,Uong Bi Bus Station,25/12/2025,15:15,20.96587065799433,105.9450236069106,1
JC6U5B0UxwoEjBYu7QX7yCEnG4o1,Hanoi - Gia Lam Station,Uong Bi Bus Station,02/01/2026,12:30,21.10008968092987,105.90488500905,1
Jfh5Y96KF9cLFT7SxcGQT48Pv2v4,Hanoi - My Dinh Bus Station,Mong Cai Bus Station,15/10/2025,11:15,20.88162270533316,105.88569199472308,1
tPREfq9FTQvBhTfeeaNu71mjsbsn,Hanoi - Luong Yen Station,Ha Long - Tuan Chau Port,19/12/2025,10:45,21.24718496701753,106.01580594508458,1
65WcChRpMeN0HogoagjBhPaxCjf1,Hanoi - Yen Nghia Station,Ha Long - Tuan Chau Port,09/12/2025,15:15,21.03759543908379,105.76159409073138,0
fPpuLwVFncwjuomJGBTcCMmxiQ9g,Hanoi - Long Bien Station,Van Don Ferry Terminal,27/12/2025,19:00,20.78528281880633,105.53495523153126,2
MCork7ecnXRx9wqhFHAB0njp1hct,Hanoi - Giap Bat Station,Van Don Ferry Terminal,30/11/2025,05:15,21.16420453779582,105.72607423851012,0
sgj32J9fbvCsiJGv5obrGMGNjYbD,Hanoi - Gia Lam Station,Mong Cai Bus Station,29/11/2025,23:45,21.06722134260465,105.67518834869476,0
EJAqjVKcSBepUKarrAeoHGQ4We2E,Hanoi - Luong Yen Station,Van Don Ferry Terminal,05/12/2025,14:45,20.99477419612722,105.897993701669,1
5aTe0ex4VSeyqcgU6W3LGqmBPPvU,Hanoi - Giap Bat Station,Van Don Ferry Terminal,28/12/2025,20:45,20.76333579012251,105.58538269202316,2
ceCiwF1K0p62egB6X1hpxMowqLPp,Hanoi - Luong Yen Station,Cam Pha Bus Station,15/12/2025,13:15,21.08793930049772,105.72168065998716,0
QrHt5TWB0P1fiTqrZFmvNk0AGKXQ,Hanoi - Giap Bat Station,Van Don Ferry Terminal,07/11/2025,07:00,20.86473650948749,106.02288159577309,1
dtTEqgF0GBAWvK83TnBCfW0HSx8K,Hanoi - Giap Bat Station,Ha Long - Bai Chay Station,24/12/2025,14:00,21.05446656940596,105.51348290404596,0
yC2piXmV4cQvr7k74iU2t4qiY4Yz,Hanoi - My Dinh Bus Station,Uong Bi Bus Station,13/10/2025,12:15,20.97859177865417,105.92146688418634,1
CYCM6vqh3r3xf9ZeVikgkFCvEAiG,Hanoi - Giap Bat Station,Ha Long - Bai Chay Station,23/11/2025,23:15,21.06024447542723,105.73121911281667,0
o96bHq5vWNDp5XZKH7sG0F0Hcihv,Hanoi - Gia Lam Station,Van Don Ferry Terminal,16/11/2025,08:45,20.85495767208345,105.90416887307428,1
6yxaCJe4myBz06UcZmu41eNDcVKT,Hanoi - My Dinh Bus Station,Van Don Ferry Terminal,18/10/2025,11:00,20.74344734552661,105.98750574918527,1
HFYRKef59G9m1dzJFBufd7EehDeg,Hanoi - Luong Yen Station,Mong Cai Bus Station,18/11/2025,14:00,21.23196049357712,105.52317474034544,0
807kLxjBMWkKLB7Hit7ws0A4ZEZV,Hanoi - Yen Nghia Station,Mong Cai Bus Station,12/12/2025,15:15,21.22113959965347,105.7472883614798,0
JmrWSCGwW8cfMG6d5HE5MuG1xH89,Hanoi - Giap Bat Station,Ha Long - Bai Chay Station,20/12/2025,20:00,20.73578535312287,105.91986303021166,2
fAncDXdSvQQPif15upLak5gfGAqz,Hanoi - Long Bien Station,Van Don Ferry Terminal,07/11/2025,11:30,21.05902322736289,105.5729328908828,0
tGwqdgKg7Q57HrvfugwkSmbtVm2s,Hanoi - Long Bien Station,Ha Long - Bai Chay Station,08/12/2025,10:00,21.09992994466108,105.66000199377623,0
uHaSosgZNNzMZgE9rpJqU22kDmY5,Hanoi - Luong Yen Station,Ha Long - Tuan Chau Port,21/10/2025,15:00,20.96759591992301,105.7741513297415,2
wh4s1MCvTY53RNEbHjmGS0zV6NNe,Hanoi - Yen Nghia Station,Van Don Ferry Terminal,27/11/2025,22:00,20.84257477137274,105.81780694922938,2
7bmSUYYmrv7SrEqXhDj0NT3BqkQy,Hanoi - Yen Nghia Station,Cam Pha Bus Station,08/11/2025,05:00,20.84171306952032,105.56640843396632,2
faproDvtmWzSuFffYk31j3jG3TUC,Hanoi - Luong Yen Station,Cam Pha Bus Station,27/12/2025,18:00,20.93040134981322,105.73003669075186,2
VXySnu4Jmtyr2897SvWJJLsXBrSQ,Hanoi - My Dinh Bus Station,Mong Cai Bus Station,18/12/2025,20:30,20.97638495641938,105.54564339250588,2
Jfh5Y96KF9cLFT7SxcGQT48Pv2v4,Hanoi - Gia Lam Station,Cam Pha Bus Station,26/12/2025,11:45,21.19004396027897,106.06211483323813,1
xeTS661AUQ3Cn0cTMjLV73P4HV4P,Hanoi - Luong Yen Station,Cam Pha Bus Station,01/12/2025,07:45,21.26413762223914,105.51963114815334,0
HFYRKef59G9m1dzJFBufd7EehDeg,Hanoi - Long Bien Station,Ha Long - Tuan Chau Port,19/12/2025,09:15,21.25824655240647,105.96534560440423,1
0bYyoVdBWYF3riQDB5rCeEV3aW6Z,Hanoi - Luong Yen Station,Uong Bi Bus Station,29/12/2025,07:30,21.26354940653459,105.9900516424306,1
yfjqKPWLz2vUB7GNfaEZbE5AZntF,Hanoi - Giap Bat Station,Van Don Ferry Terminal,02/01/2026,07:15,20.72414740935919,106.09299821151964,1
EkAVy15vTEjd3E93QssSC94dqrWd,Hanoi - Long Bien Station,Van Don Ferry Terminal,22/10/2025,17:00,20.87949295235329,105.67644417735733,2
qFHU3GeA38uhuWPbSYY2ayirExXF,Hanoi - Gia Lam Station,Mong Cai Bus Station,01/01/2026,10:00,20.95448931342227,105.55205793612376,2
BBMzi2JL5A5hBFr92dqKqjSVMhjK,Hanoi - My Dinh Bus Station,Van Don Ferry Terminal,09/11/2025,17:15,21.28478176303547,105.75549705756724,0
mkUUfK7swwnVB5wZZfdFb8omh6Hd,Hanoi - Yen Nghia Station,Van Don Ferry Terminal,25/10/2025,08:30,20.84927727535122,105.61618320973832,2
Z63dzueoWnaYAzYayY1S1gAZcfCp,Hanoi - My Dinh Bus Station,Ha Long - Bai Chay Station,29/10/2025,13:00,21.20769878181211,105.8069790146246,0
tPREfq9FTQvBhTfeeaNu71mjsbsn,Hanoi - Luong Yen Station,Uong Bi Bus Station,01/11/2025,11:45,20.82232811764775,105.99045126825808,1
2nUn6zDTZKnwRsF1NFNnBAvsxKdT,Hanoi - Luong Yen Station,Ha Long - Bai Chay Station,01/12/2025,22:30,21.09338845770365,106.02705018049528,1
H2iPUHnB6jJ2PibyrE3QZ2JxH8xJ,Hanoi - Long Bien Station,Ha Long - Bai Chay Station,26/11/2025,05:45,21.12046102649238,105.57289972816297,0
mKs89r1TUyZbAgjf7T4YhJG1KmQY,Hanoi - Giap Bat Station,Van Don Ferry Terminal,02/11/2025,13:00,21.00194193104293,105.53272060772528,2
Ti4xbVPoD3c6Exxstiuk05VgqF5i,Hanoi - Gia Lam Station,Mong Cai Bus Station,20/11/2025,14:45,21.13586381096476,105.78765303508088,0
mKs89r1TUyZbAgjf7T4YhJG1KmQY,Hanoi - My Dinh Bus Station,Mong Cai Bus Station,05/01/2026,12:00,20.8820063113386,105.94868626419286,1
ArPAAVLaNzeF7dhGX9YM3oR9CF7J,Hanoi - Luong Yen Station,Van Don Ferry Terminal,17/10/2025,18:30,21.09028156482086,106.07555263755448,1
YQkbfFRCAcamFeuqMLRLmNizXbTs,Hanoi - Giap Bat Station,Uong Bi Bus Station,29/10/2025,19:00,20.9999663576275,106.00493249682772,1
VSxrebbCT49yfFQqQbxDtZXBUnbZ,Hanoi - Giap Bat Station,Ha Long - Tuan Chau Port,13/11/2025,10:15,21.00645072870054,105.61894456350512,2
ajQAcjdaq89Z52RmoaY6y66BGRPM,Hanoi - Yen Nghia Station,Van Don Ferry Terminal,27/12/2025,07:30,20.77435451069637,105.58877275079952,2
ununMVykABX9yMwfoGRtgzLpitgH,Hanoi - Long Bien Station,Mong Cai Bus Station,26/11/2025,07:15,21.11837669773137,105.8932865067484,1
qa7LJVYysqACSeH0mVs5ymBh2mLc,Hanoi - My Dinh Bus Station,Uong Bi Bus Station,08/12/2025,09:30,20.89738148244139,105.70351410133708,2
4EUWLSSEAc6880ScADGRBVHGumn5,Hanoi - Gia Lam Station,Uong Bi Bus Station,02/01/2026,10:45,20.98604669867749,106.06991380023676,1
pbUSUb4pV23C7RfMBWckR359J3ca,Hanoi - Gia Lam Station,Cam Pha Bus Station,24/12/2025,14:15,21.20223009172727,105.99769405789468,1
YJfLMvDzMuKcsqh9kBVQiZ7kFfuy,Hanoi - Gia Lam Station,Ha Long - Tuan Chau Port,05/01/2026,20:00,21.08156778129111,105.9534564978402,1
o2m2wM2XgWvRfCxygNBiAnDkaLef,Hanoi - Gia Lam Station,Mong Cai Bus Station,04/11/2025,09:15,21.26884086967771,105.533259431147,0
4QwKmJX3Bhuy1DFScZecEJ8dYvJS,Hanoi - Long Bien Station,Ha Long - Tuan Chau Port,04/01/2026,21:15,21.14293714183433,105.73928864233824,0
QJcT3TWLhUQcrm0ATPHCUvvGhLbF,Hanoi - Luong Yen Station,Ha Long - Bai Chay Station,18/11/2025,10:45,20.85158976746105,105.59574826803808,2
6SBCyEzpjHx58XwKVgRWw8fvRbRi,Hanoi - Gia Lam Station,Ha Long - Bai Chay Station,22/10/2025,13:45,20.837865073681,105.79895098212202,2
mKs89r1TUyZbAgjf7T4YhJG1KmQY,Hanoi - My Dinh Bus Station,Cam Pha Bus Station,11/12/2025,10:00,20.92405044442517,105.5508567783856,2
iCxaZZj5Y9dy20JzWMkTW0dEj2cw,Hanoi - Yen Nghia Station,Cam Pha Bus Station,16/12/2025,17:30,20.74245229984796,105.9664462207607,1
VH6pRA9NppXvWx9rHtXbsdqfpauG,Hanoi - Long Bien Station,Cam Pha Bus Station,14/12/2025,16:00,20.98746479323965,105.64574650238248,2
qFHU3GeA38uhuWPbSYY2ayirExXF,Hanoi - Luong Yen Station,Mong Cai Bus Station,28/12/2025,07:00,21.06194902155555,105.74575462014435,0
YW0fprswqCbWpPpfdu7HuZ6iuSaU,Hanoi - Long Bien Station,Cam Pha Bus Station,05/12/2025,11:30,21.19480946280407,105.86292503835618,0
empgF78PyNHzFYwuqvLHMPsdN8dB,Hanoi - Gia Lam Station,Uong Bi Bus Station,09/12/2025,10:00,21.15792351542065,105.52331573251244,0
EJAqjVKcSBepUKarrAeoHGQ4We2E,Hanoi - Long Bien Station,Ha Long - Bai Chay Station,07/12/2025,10:30,21.23058857854121,105.69602029895162,0
98xt5hbWMN2fQ6v9Yz1Yc42oaPKe,Hanoi - Yen Nghia Station,Ha Long - Bai Chay Station,01/11/2025,16:00,20.95664112166534,105.87079450826208,1
B6wUkk1DH0XdSaV96wSAPPDEQMDw,Hanoi - Yen Nghia Station,Ha Long - Bai Chay Station,10/12/2025,22:00,21.01318205110532,105.68250644453468,2
bHw9s6YHSHRdQsPTPfuAHCyjgYMb,Hanoi - Gia Lam Station,Uong Bi Bus Station,01/12/2025,18:45,21.25497663320322,105.82365854397212,0
YJfLMvDzMuKcsqh9kBVQiZ7kFfuy,Hanoi - Yen Nghia Station,Uong Bi Bus Station,17/11/2025,16:00,20.98454761225427,105.9758406940864,1
VCyot1NL8UUkUYJaNyrA5psgdY20,Hanoi - Gia Lam Station,Uong Bi Bus Station,01/11/2025,04:30,20.97015334834428,106.06876068186824,1
pbUSUb4pV23C7RfMBWckR359J3ca,Hanoi - Luong Yen Station,Van Don Ferry Terminal,27/11/2025,09:45,20.97522262531457,105.84074484409132,1
EJAqjVKcSBepUKarrAeoHGQ4We2E,Hanoi - My Dinh Bus Station,Cam Pha Bus Station,24/10/2025,14:15,20.97683410658934,106.09959985382656,1
faproDvtmWzSuFffYk31j3jG3TUC,Hanoi - My Dinh Bus Station,Mong Cai Bus Station,18/10/2025,14:00,21.08206844997905,105.87497331435368,1
Hcfa3XAXwKcX9FyeDQRsrdntpsbY,Hanoi - Giap Bat Station,Mong Cai Bus Station,15/11/2025,12:45,20.73655266725093,106.04888097487404,1
98xt5hbWMN2fQ6v9Yz1Yc42oaPKe,Hanoi - My Dinh Bus Station,Cam Pha Bus Station,12/10/2025,18:30,21.00788180976393,105.7342206574642,2
4jK83WofNSmxFJTHf88uuwLaSQ3y,Hanoi - My Dinh Bus Station,Ha Long - Tuan Chau Port,23/11/2025,18:45,20.90411005589913,105.6712265529559,2
u30qxonu5qWwnaXS0scKCZW8TmoW,Hanoi - Giap Bat Station,Van Don Ferry Terminal,31/12/2025,17:15,20.94542419831914,105.68880893213355,2
qa7LJVYysqACSeH0mVs5ymBh2mLc,Hanoi - Gia Lam Station,Uong Bi Bus Station,23/11/2025,21:00,21.17413661794127,105.60703340272462,0
xeTS661AUQ3Cn0cTMjLV73P4HV4P,Hanoi - Yen Nghia Station,Mong Cai Bus Station,15/10/2025,15:00,20.91004152905846,106.00229836525048,1
17waMb83qXkRY8yq9DMg2EDwZKk4,Hanoi - Luong Yen Station,Cam Pha Bus Station,03/11/2025,05:00,21.20756111896218,105.62929004552294,0
82sJ3NvpVMVzdUd3dmdNFba5Z6Pp,Hanoi - My Dinh Bus Station,Uong Bi Bus Station,14/12/2025,17:45,20.92776365491831,106.00651267932588,1
jv0G8cwb5E8GVbRYFFAMBRiRCD5V,Hanoi - Gia Lam Station,Ha Long - Bai Chay Station,30/12/2025,14:00,21.08048868723778,105.96566117369028,1
98xt5hbWMN2fQ6v9Yz1Yc42oaPKe,Hanoi - Giap Bat Station,Ha Long - Bai Chay Station,08/10/2025,04:15,21.27104763903561,105.77102320442978,0
h03cUfMWjgeHj1j1T3G5PQAF7fsX,Hanoi - Long Bien Station,Ha Long - Tuan Chau Port,26/10/2025,11:15,21.14203729641605,105.8554434908004,0
k68sYWhXcdAyZZzUsjN95x7tvu9w,Hanoi - Giap Bat Station,Mong Cai Bus Station,02/01/2026,10:30,20.93171339408704,105.73883268360356,2
BBMzi2JL5A5hBFr92dqKqjSVMhjK,Hanoi - Yen Nghia Station,Uong Bi Bus Station,20/10/2025,05:15,21.17908788002426,105.6512666607434,0
ciAWhjzcDWxzHu2smP0y6tgbHKXR,Hanoi - Gia Lam Station,Uong Bi Bus Station,04/11/2025,05:30,21.28897409570433,105.99995868850333,1
807kLxjBMWkKLB7Hit7ws0A4ZEZV,Hanoi - Luong Yen Station,Mong Cai Bus Station,09/11/2025,17:15,20.70448654403918,106.0944461919717,1
faproDvtmWzSuFffYk31j3jG3TUC,Hanoi - Giap Bat Station,Uong Bi Bus Station,13/11/2025,18:30,21.09675785153476,105.9153222405966,1
PkKpqRJGWhG64xEaSqVsHYg9hHmj,Hanoi - Yen Nghia Station,Cam Pha Bus Station,13/11/2025,23:00,20.92094613025535,105.638363227324,2
rkLpbwDEfnc3gerrK1AU00G1JdNT,Hanoi - Giap Bat Station,Uong Bi Bus Station,20/11/2025,20:15,21.24926655370973,105.6240231567526,0
MCork7ecnXRx9wqhFHAB0njp1hct,Hanoi - Long Bien Station,Mong Cai Bus Station,31/12/2025,08:45,21.18514624002606,105.8002522000731,0
VJv94DEUzdF7NsNkABWNBr4WGShj,Hanoi - Luong Yen Station,Mong Cai Bus Station,30/11/2025,21:30,21.20768649915538,105.95420931678306,1
YQkbfFRCAcamFeuqMLRLmNizXbTs,Hanoi - Gia Lam Station,Ha Long - Bai Chay Station,24/12/2025,08:15,21.0482743810817,105.6566373112646,0
HWiis6G7Q8pqmc1nm4x00hz0oeRA,Hanoi - Long Bien Station,Van Don Ferry Terminal,06/12/2025,20:45,20.9334540628881,105.77099937885706,2
D0BoGe0DNz2pKhNQCZeCNCVjigev,Hanoi - Giap Bat Station,Ha Long - Tuan Chau Port,20/11/2025,22:15,21.17563505599867,105.91101093900188,1
WQSquTAuU9LnT0gTfjzwyE0mJT2T,Hanoi - Giap Bat Station,Van Don Ferry Terminal,06/12/2025,19:45,21.1663664775527,105.9608577053791,1
wW0Af90EPZRxVn1Ra2kbQbyyfw8k,Hanoi - My Dinh Bus Station,Mong Cai Bus Station,26/10/2025,12:30,20.86487627318989,105.63105391245588,2
rhE8C7SLSqHkiThjZXsL202yuyJ0,Hanoi - Luong Yen Station,Mong Cai Bus Station,25/12/2025,23:45,20.82827139617632,105.59713516711813,2
XfpQuwEmbCNs9MCsk4De6zsNgwu7,Hanoi - Long Bien Station,Cam Pha Bus Station,17/11/2025,05:45,21.29635487869158,106.07086551120568,1
ck1455tMBY5LYmun1kPHqwTmznxP,Hanoi - Luong Yen Station,Mong Cai Bus Station,12/12/2025,06:45,20.94887453430913,105.62622137967952,2
LsETPAUqsCgSE7vxkLmrjokRh3Dk,Hanoi - Yen Nghia Station,Ha Long - Bai Chay Station,30/12/2025,04:30,21.05793532218074,105.9484269616237,1
XVm4R1SUhTVtYFp8nW82x6ZqrNyp,Hanoi - Luong Yen Station,Mong Cai Bus Station,19/12/2025,11:30,20.72505726477929,106.0528668901174,1
aWhniNgGhvbPUWKd61Cwd8xSWA5E,Hanoi - Giap Bat Station,Ha Long - Bai Chay Station,25/12/2025,08:00,21.29589346906684,105.8618124707762,0
Pdi5jJiP16T06whJmu45WZsbkqxk,Hanoi - Gia Lam Station,Van Don Ferry Terminal,07/12/2025,07:45,20.98478620102737,105.70664972121294,2
h03cUfMWjgeHj1j1T3G5PQAF7fsX,Hanoi - Luong Yen Station,Mong Cai Bus Station,21/10/2025,11:15,20.96213818145719,105.9288708213811,1
jpWhWtXZMEm62MzS6jj6arGpPBfR,Hanoi - My Dinh Bus Station,Van Don Ferry Terminal,05/01/2026,10:30,20.84557036697543,105.98392101848788,1
hqbg3LdiNZBkFGHPbHfpYrj7rGcR,Hanoi - Long Bien Station,Ha Long - Bai Chay Station,26/12/2025,11:30,20.73663423054509,105.56314412628024,2
empgF78PyNHzFYwuqvLHMPsdN8dB,Hanoi - Gia Lam Station,Van Don Ferry Terminal,25/11/2025,14:30,21.22535320949423,105.53130215005577,0
TmQNXSFVkmH3kEvQfmY116JLKNmS,Hanoi - Yen Nghia Station,Mong Cai Bus Station,03/11/2025,19:30,21.10789513741642,105.63086473113198,0
Hcfa3XAXwKcX9FyeDQRsrdntpsbY,Hanoi - Gia Lam Station,Van Don Ferry Terminal,02/12/2025,11:15,20.80170785936632,105.85564273900616,2
nfrbbBmwXucXGu0h9u5r4tzkjPdY,Hanoi - Luong Yen Station,Van Don Ferry Terminal,21/12/2025,14:15,21.28567128969156,105.53372560829077,0
NXnF71i8zP9iGrUvqX2gU6z9UE11,Hanoi - Giap Bat Station,Uong Bi Bus Station,18/11/2025,07:30,21.18727539773762,105.55193048466558,0
0bYyoVdBWYF3riQDB5rCeEV3aW6Z,Hanoi - Long Bien Station,Cam Pha Bus Station,14/12/2025,11:15,20.98981809661156,105.8637681737476,1
1pYYCVPp07h76SVAKYLGndCgdRk9,Hanoi - Yen Nghia Station,Mong Cai Bus Station,30/11/2025,10:15,20.75840439730073,105.61600101858691,2
4EUWLSSEAc6880ScADGRBVHGumn5,Hanoi - Gia Lam Station,Cam Pha Bus Station,22/11/2025,07:00,21.17216117433314,105.6839741645543,0
Ky86bwZ1Qm4TX6NZYfrfm2g81uoV,Hanoi - Luong Yen Station,Uong Bi Bus Station,12/10/2025,17:15,20.77903397274259,105.9239320627521,1
VH6pRA9NppXvWx9rHtXbsdqfpauG,Hanoi - Yen Nghia Station,Ha Long - Tuan Chau Port,26/10/2025,21:45,20.9177533494209,105.99098664771822,1
H2iPUHnB6jJ2PibyrE3QZ2JxH8xJ,Hanoi - Gia Lam Station,Uong Bi Bus Station,04/12/2025,05:30,21.19724362507645,105.62469142537228,0
807kLxjBMWkKLB7Hit7ws0A4ZEZV,Hanoi - My Dinh Bus Station,Ha Long - Bai Chay Station,21/10/2025,16:45,21.06092098193837,105.96465536100276,1
nhv4oGbLtJavMUnMHte1sBem7ixh,Hanoi - Yen Nghia Station,Ha Long - Tuan Chau Port,27/11/2025,07:15,21.0653355839306,106.06966970871042,1
8rfzq2uekE4hajihiSnnob0tHhpf,Hanoi - Gia Lam Station,Uong Bi Bus Station,28/10/2025,19:15,21.05033630632857,105.88791890082138,1
cK8WKwiCgADGYo5wv33SXzBLiN63,Hanoi - Luong Yen Station,Ha Long - Bai Chay Station,07/12/2025,07:15,21.07062216632389,105.5330878921084,0
NxTxCgXGLK77msBjxX6dryq5DR6a,Hanoi - Giap Bat Station,Cam Pha Bus Station,21/12/2025,21:45,20.8560416346112,105.72944919124932,2
gYF2M7zhuLZYrWxudWHeVzhJxc4C,Hanoi - Gia Lam Station,Mong Cai Bus Station,19/12/2025,22:15,21.09315180925013,105.9796743123308,1
ppG9UhBtbg3XWSk8WDdbQ3XGbhc1,Hanoi - Yen Nghia Station,Cam Pha Bus Station,18/11/2025,04:00,20.80731785773728,105.85622627204884,2
4MmCs63i3SXrjzyWDt4ArRgDQui6,Hanoi - Giap Bat Station,Mong Cai Bus Station,27/11/2025,11:15,21.29122067900246,105.83360688216426,0
bAMbFqZbzmvAymAED7BwCrWrJBBh,Hanoi - Luong Yen Station,Cam Pha Bus Station,26/10/2025,12:30,20.85029689821121,105.8863828626302,1
1VSbGmFH4i33RPGgkM8DWVAty8rV,Hanoi - Giap Bat Station,Van Don Ferry Terminal,06/12/2025,15:15,20.91626124057478,105.6639857268744,2
jXNpXoiqNwMJ7aqzPGDqXGtEeoAw,Hanoi - Yen Nghia Station,Uong Bi Bus Station,15/10/2025,12:15,21.1294952794604,106.03340150985495,1
z96TQRrZEcXmZCp6msckB0GWSPGa,Hanoi - Gia Lam Station,Ha Long - Tuan Chau Port,30/11/2025,04:00,20.77348068689698,105.61330856023082,2
uP05Soc66vCLPh7Kxvpa5uERGgkW,Hanoi - Luong Yen Station,Cam Pha Bus Station,05/11/2025,04:00,21.14879149809329,105.67394736709244,0
Z6qkfGuqkjrqDUJG6cQHvE9G11Eo,Hanoi - Gia Lam Station,Cam Pha Bus Station,15/10/2025,11:00,21.16879505306593,105.80725839869072,0
H7TRH1QWgxgKGA1m3R8w1Xeyznzn,Hanoi - Luong Yen Station,Ha Long - Bai Chay Station,12/10/2025,10:30,21.00454836599165,106.06518784340308,1
CJNJCqxPDdZ1Th69hFJ8Rh0dL74k,Hanoi - Gia Lam Station,Ha Long - Tuan Chau Port,06/11/2025,18:45,20.82148084624581,105.70834959879588,2
VSxrebbCT49yfFQqQbxDtZXBUnbZ,Hanoi - Giap Bat Station,Uong Bi Bus Station,22/12/2025,20:00,21.13891387713764,105.97479238380195,1
4MmCs63i3SXrjzyWDt4ArRgDQui6,Hanoi - Long Bien Station,Van Don Ferry Terminal,14/11/2025,20:30,20.77252912165523,105.77288228830356,2
gEsT8hZGNy5cKe9AFAeok4Fq1NRH,Hanoi - My Dinh Bus Station,Cam Pha Bus Station,07/11/2025,07:15,21.0485160523314,105.8381109008902,1
rkLpbwDEfnc3gerrK1AU00G1JdNT,Hanoi - Luong Yen Station,Mong Cai Bus Station,03/11/2025,20:30,21.2482831426848,105.63855849953606,0
4EUWLSSEAc6880ScADGRBVHGumn5,Hanoi - Giap Bat Station,Uong Bi Bus Station,09/12/2025,23:30,21.28657917608255,105.9554343545096,1
82sJ3NvpVMVzdUd3dmdNFba5Z6Pp,Hanoi - Gia Lam Station,Van Don Ferry Terminal,16/11/2025,04:15,21.22602901119149,105.65763610828024,0
fBXQQaXaKuzwDDHGBm5eWQChAzv1,Hanoi - Gia Lam Station,Uong Bi Bus Station,23/10/2025,07:45,21.07731380435033,105.85977311047576,1
wzbQ6vtWL2GQaJpXskbPqmV9kkav,Hanoi - Gia Lam Station,Uong Bi Bus Station,28/11/2025,09:45,20.97223795767303,106.0056516918536,1
hqbg3LdiNZBkFGHPbHfpYrj7rGcR,Hanoi - Luong Yen Station,Ha Long - Tuan Chau Port,08/11/2025,09:45,20.98370835944812,105.7165029816293,2
Xai7GzwdME9BSiHDR9W3MUgieZNC,Hanoi - Luong Yen Station,Cam Pha Bus Station,25/11/2025,22:30,20.851311997486,105.89450321981516,1
3YDywd7BUvXUx029HV0cWo8BkXNm,Hanoi - Gia Lam Station,Mong Cai Bus Station,14/11/2025,19:30,21.14622419817645,105.52591850984672,0
hqbg3LdiNZBkFGHPbHfpYrj7rGcR,Hanoi - Gia Lam Station,Cam Pha Bus Station,16/11/2025,23:30,20.76771634361364,105.56211862606986,2
ceCiwF1K0p62egB6X1hpxMowqLPp,Hanoi - Long Bien Station,Ha Long - Tuan Chau Port,05/01/2026,18:00,21.12231802929073,105.87147411412953,1
TyfTGXUhgtNPrNfUztzQdtau3NA3,Hanoi - Gia Lam Station,Van Don Ferry Terminal,11/10/2025,20:45,21.11827390196776,105.68326510961953,0
gEsT8hZGNy5cKe9AFAeok4Fq1NRH,Hanoi - Yen Nghia Station,Ha Long - Tuan Chau Port,02/12/2025,08:15,21.20432726084755,105.64350631519252,0
YQkbfFRCAcamFeuqMLRLmNizXbTs,Hanoi - Gia Lam Station,Van Don Ferry Terminal,15/11/2025,12:30,20.94703688333391,106.03546286940082,1
Pdi5jJiP16T06whJmu45WZsbkqxk,Hanoi - Yen Nghia Station,Mong Cai Bus Station,07/12/2025,14:15,20.92650138632943,106.00789893854626,1
v2Eza7jidyWcFHvuTHwDj6JRW2n9,Hanoi - Giap Bat Station,Ha Long - Tuan Chau Port,21/11/2025,08:00,21.2475029760537,105.91211743092302,0
Z63dzueoWnaYAzYayY1S1gAZcfCp,Hanoi - My Dinh Bus Station,Ha Long - Tuan Chau Port,22/12/2025,10:15,21.09876100463521,105.8011874514897,0
uP05Soc66vCLPh7Kxvpa5uERGgkW,Hanoi - Gia Lam Station,Van Don Ferry Terminal,16/11/2025,18:30,20.90319747311811,105.68849986161086,2
sXDbxMATmvSJXosqc402g57gXACz,Hanoi - Gia Lam Station,Ha Long - Bai Chay Station,13/11/2025,04:15,20.99838916431718,105.65738253112713,2
4cuXkyqQCY4unwhuhvdDrsX6ZNkS,Hanoi - Gia Lam Station,Mong Cai Bus Station,02/12/2025,15:45,20.7459308978219,105.5614324027488,2
ppG9UhBtbg3XWSk8WDdbQ3XGbhc1,Hanoi - Luong Yen Station,Cam Pha Bus Station,23/10/2025,13:00,21.20746869398877,106.01981518958324,1
yC2piXmV4cQvr7k74iU2t4qiY4Yz,Hanoi - Gia Lam Station,Uong Bi Bus Station,07/12/2025,12:45,20.95340340746253,105.64077754431266,2
sLfFBYEyzJn6j0R33g6vKu2WMhmH,Hanoi - Luong Yen Station,Ha Long - Bai Chay Station,07/12/2025,22:30,20.93194238773696,105.61748681558284,2
807kLxjBMWkKLB7Hit7ws0A4ZEZV,Hanoi - Gia Lam Station,Ha Long - Tuan Chau Port,04/12/2025,15:15,20.84888390943759,105.69102315503667,2
vTvabUEL6K8AMi4TmXJtX3mB2LuZ,Hanoi - Long Bien Station,Uong Bi Bus Station,14/10/2025,11:45,21.23567375004392,105.7641125958086,0
NjbVmJNgdjX3ky6PU5J3hX14ZbC0,Hanoi - Yen Nghia Station,Uong Bi Bus Station,05/11/2025,06:15,20.77913349297679,105.91488155639844,1
VH6pRA9NppXvWx9rHtXbsdqfpauG,Hanoi - My Dinh Bus Station,Ha Long - Bai Chay Station,20/11/2025,14:45,21.05016369404596,105.90048931437332,1
empgF78PyNHzFYwuqvLHMPsdN8dB,Hanoi - Long Bien Station,Uong Bi Bus Station,23/12/2025,23:45,21.08181431907193,105.54558941854208,0
fBXQQaXaKuzwDDHGBm5eWQChAzv1,Hanoi - Gia Lam Station,Mong Cai Bus Station,08/10/2025,19:15,20.76615723174375,105.8431182208122,2
ttXXYWpgSh7W4SCshJBg2ZS4zfNZ,Hanoi - Giap Bat Station,Mong Cai Bus Station,04/01/2026,12:30,21.1230044415542,106.0778684105924,1
R4Yu3f9oYFE0F2h0VSztQLWdimXW,Hanoi - Giap Bat Station,Mong Cai Bus Station,20/11/2025,08:30,20.70158523576728,105.7241280735164,2
9o6VQroVqE5r9GoAhBE3SgkSo2os,Hanoi - Giap Bat Station,Uong Bi Bus Station,26/10/2025,22:30,21.28744149901471,105.52398906770968,0
wzbQ6vtWL2GQaJpXskbPqmV9kkav,Hanoi - Long Bien Station,Uong Bi Bus Station,14/12/2025,05:30,20.76317994507532,105.85116497390258,2
TuuJLXGWK8EbsXgbey1Yt2KcBZmu,Hanoi - My Dinh Bus Station,Ha Long - Bai Chay Station,10/11/2025,18:15,20.8159314175483,105.8037917707577,2
sXDbxMATmvSJXosqc402g57gXACz,Hanoi - Yen Nghia Station,Mong Cai Bus Station,03/12/2025,15:00,20.84846875081686,106.02471326433329,1
5iEy78NNhD4Jhu6GicHZm6HJ3o67,Hanoi - My Dinh Bus Station,Mong Cai Bus Station,13/11/2025,04:45,20.94724893771527,105.85485039785442,1
nFNtsmGHTwwat85zMCPL19X0sizk,Hanoi - Long Bien Station,Ha Long - Tuan Chau Port,13/10/2025,18:00,20.76615497453724,106.02511510339228,1
bHw9s6YHSHRdQsPTPfuAHCyjgYMb,Hanoi - My Dinh Bus Station,Van Don Ferry Terminal,30/11/2025,09:00,20.92089368618105,106.03000605820388,1
nHZPMGctigBfiwzUSvtN3syFfQcz,Hanoi - Yen Nghia Station,Ha Long - Tuan Chau Port,25/11/2025,12:15,21.16472948410118,105.50439231277808,0
kypn0whS0WwRx72y51XmF5NyTMFf,Hanoi - Giap Bat Station,Mong Cai Bus Station,23/10/2025,06:00,20.85539290951636,105.8735208252658,1
iCxaZZj5Y9dy20JzWMkTW0dEj2cw,Hanoi - Gia Lam Station,Mong Cai Bus Station,25/11/2025,06:45,21.11692999507776,105.59173778645334,0
wzbQ6vtWL2GQaJpXskbPqmV9kkav,Hanoi - Giap Bat Station,Ha Long - Tuan Chau Port,08/12/2025,06:30,21.05782424249562,105.67281563175672,0
MCork7ecnXRx9wqhFHAB0njp1hct,Hanoi - Luong Yen Station,Mong Cai Bus Station,26/11/2025,19:15,20.89990880456195,106.08464070595684,1
9o6VQroVqE5r9GoAhBE3SgkSo2os,Hanoi - Yen Nghia Station,Mong Cai Bus Station,29/11/2025,22:30,20.91788502395794,106.01691547300533,1
4YsY0BBigWuVeW9Hhfnq2LKojPdq,Hanoi - Long Bien Station,Van Don Ferry Terminal,04/11/2025,09:15,20.75447912476645,105.73077704068857,2
EJAqjVKcSBepUKarrAeoHGQ4We2E,Hanoi - My Dinh Bus Station,Uong Bi Bus Station,11/11/2025,23:15,20.74509840706439,105.7416916082142,2
D0BoGe0DNz2pKhNQCZeCNCVjigev,Hanoi - Gia Lam Station,Uong Bi Bus Station,13/12/2025,05:00,21.27085173036131,105.79472538725348,0
VH6pRA9NppXvWx9rHtXbsdqfpauG,Hanoi - Giap Bat Station,Ha Long - Tuan Chau Port,24/12/2025,15:45,20.90451846174935,105.79347237312628,2
mKs89r1TUyZbAgjf7T4YhJG1KmQY,Hanoi - Gia Lam Station,Cam Pha Bus Station,04/01/2026,10:00,20.81913324622509,105.72112561083054,2
EUZqzUcC38ndZ4rkUXyz9CBfrTwj,Hanoi - Giap Bat Station,Mong Cai Bus Station,02/01/2026,22:45,20.82049973412684,105.78227615250766,2
ArPAAVLaNzeF7dhGX9YM3oR9CF7J,Hanoi - Giap Bat Station,Cam Pha Bus Station,01/12/2025,22:15,21.26487501387677,105.72657087659896,0
kypn0whS0WwRx72y51XmF5NyTMFf,Hanoi - Luong Yen Station,Mong Cai Bus Station,02/01/2026,12:45,21.20699323443232,105.5607837854988,0
CJNJCqxPDdZ1Th69hFJ8Rh0dL74k,Hanoi - Giap Bat Station,Uong Bi Bus Station,14/11/2025,05:30,21.08664660193978,105.57862431075928,0
QRi2TPA1X52ow1AvdH9qJK2eZWQ6,Hanoi - Yen Nghia Station,Ha Long - Bai Chay Station,23/12/2025,06:15,21.24735553009755,105.84501921571484,0
FdtdN44LRQthPZLk6dxdf5ZwPVry,Hanoi - Long Bien Station,Van Don Ferry Terminal,04/12/2025,17:30,21.12942231473085,106.095683252913,1
5iEy78NNhD4Jhu6GicHZm6HJ3o67,Hanoi - Yen Nghia Station,Uong Bi Bus Station,25/11/2025,06:15,21.28965388184078,105.82038151982316,0
4YsY0BBigWuVeW9Hhfnq2LKojPdq,Hanoi - Long Bien Station,Mong Cai Bus Station,02/12/2025,16:45,20.83976060011448,105.69159620272475,2
CYCM6vqh3r3xf9ZeVikgkFCvEAiG,Hanoi - My Dinh Bus Station,Ha Long - Tuan Chau Port,27/11/2025,05:00,20.95736827429268,105.79878944144328,2
yvrchDkkxhiXNEb8MS0V7jfEheSj,Hanoi - Gia Lam Station,Cam Pha Bus Station,26/12/2025,05:30,20.70226837022626,106.08127739159012,1
TyfTGXUhgtNPrNfUztzQdtau3NA3,Hanoi - Long Bien Station,Uong Bi Bus Station,09/10/2025,07:00,20.75687859900401,105.6185311245455,2
VSxrebbCT49yfFQqQbxDtZXBUnbZ,Hanoi - Giap Bat Station,Uong Bi Bus Station,13/11/2025,08:30,21.08768101013959,105.54779477332194,0
b25BCF8LFMrDvaa8dHK4AsWX9nr0,Hanoi - Giap Bat Station,Ha Long - Tuan Chau Port,25/12/2025,17:30,21.05287669522527,105.90392687114336,1
Ti4xbVPoD3c6Exxstiuk05VgqF5i,Hanoi - Giap Bat Station,Van Don Ferry Terminal,14/10/2025,06:30,20.82781109771835,106.04706212701667,1
XVm4R1SUhTVtYFp8nW82x6ZqrNyp,Hanoi - My Dinh Bus Station,Cam Pha Bus Station,11/11/2025,11:45,20.9555278896045,106.06756297459488,1
4jK83WofNSmxFJTHf88uuwLaSQ3y,Hanoi - Long Bien Station,Mong Cai Bus Station,17/12/2025,07:00,20.95273452371237,106.00723165633111,1
uHaSosgZNNzMZgE9rpJqU22kDmY5,Hanoi - My Dinh Bus Station,Van Don Ferry Terminal,17/10/2025,21:30,21.0091551225116,105.80830446797142,1
EUZqzUcC38ndZ4rkUXyz9CBfrTwj,Hanoi - Luong Yen Station,Uong Bi Bus Station,13/11/2025,21:30,20.93862789478052,105.91479242441012,1
i03h2dmt9C4UWf92Gevw1iSeMd4x,Hanoi - Giap Bat Station,Mong Cai Bus Station,04/11/2025,21:45,20.87422645516115,105.74451359498514,2
MCork7ecnXRx9wqhFHAB0njp1hct,Hanoi - Giap Bat Station,Ha Long - Tuan Chau Port,17/12/2025,11:30,21.18807756967406,105.53378857844493,0
4jK83WofNSmxFJTHf88uuwLaSQ3y,Hanoi - Gia Lam Station,Mong Cai Bus Station,21/12/2025,11:30,20.92316812056694,105.7732135763023,2
8NcrTC3NJAEnFeL4JqDP0WfXCWjC,Hanoi - Long Bien Station,Cam Pha Bus Station,18/10/2025,05:30,20.88857924790704,105.7215448477417,2
8eepLFUFvZ4P5zUVes1ptbeJsY6M,Hanoi - Luong Yen Station,Ha Long - Tuan Chau Port,11/12/2025,12:45,20.84360907187509,106.04377918998084,1
CJNJCqxPDdZ1Th69hFJ8Rh0dL74k,Hanoi - Gia Lam Station,Cam Pha Bus Station,03/01/2026,17:45,21.02699133434054,105.8569884159843,1
SY6eRMiVCyq3NVL5dtoJearhuDqV,Hanoi - Luong Yen Station,Ha Long - Bai Chay Station,02/11/2025,20:30,20.88760124954355,105.70724795200292,2
rY8v3ctuvhnoZrGfnTdURJHxCh3f,Hanoi - My Dinh Bus Station,Ha Long - Bai Chay Station,27/11/2025,14:00,21.17634758361639,105.90380735627303,1
fCBLJPkbzvobp8XPSQJhU0b6W6WC,Hanoi - Giap Bat Station,Ha Long - Tuan Chau Port,18/10/2025,11:00,21.11141199707231,105.57274132183068,0
XfpQuwEmbCNs9MCsk4De6zsNgwu7,Hanoi - Long Bien Station,Mong Cai Bus Station,25/10/2025,23:15,20.95144803243917,105.84153446542632,1
XVm4R1SUhTVtYFp8nW82x6ZqrNyp,Hanoi - Luong Yen Station,Uong Bi Bus Station,04/01/2026,12:45,21.20754368382454,105.7706344888101,0
uP05Soc66vCLPh7Kxvpa5uERGgkW,Hanoi - My Dinh Bus Station,Ha Long - Bai Chay Station,03/11/2025,10:00,21.07224772091774,105.91734153161072,1
RsJgGa1y3NP5oJkXGCDLnUyqMUVL,Hanoi - Luong Yen Station,Mong Cai Bus Station,13/10/2025,17:15,20.80806699823408,105.92801353692866,1
yvrchDkkxhiXNEb8MS0V7jfEheSj,Hanoi - Luong Yen Station,Ha Long - Bai Chay Station,07/11/2025,15:45,21.01478228363654,105.68152402795045,2
Hcfa3XAXwKcX9FyeDQRsrdntpsbY,Hanoi - Long Bien Station,Ha Long - Tuan Chau Port,21/10/2025,13:15,20.78135817184343,105.57752500838436,2
8NcrTC3NJAEnFeL4JqDP0WfXCWjC,Hanoi - Giap Bat Station,Mong Cai Bus Station,05/12/2025,16:00,20.97967725548677,105.63362549516944,2
U4ajvWUuKSJzedT48ErwLq285r7h,Hanoi - Long Bien Station,Ha Long - Bai Chay Station,06/12/2025,11:00,20.98951783972135,105.99488627941244,1
ttXXYWpgSh7W4SCshJBg2ZS4zfNZ,Hanoi - My Dinh Bus Station,Ha Long - Bai Chay Station,06/11/2025,10:30,21.1047760722827,105.57198449154724,0
D0BoGe0DNz2pKhNQCZeCNCVjigev,Hanoi - Long Bien Station,Ha Long - Tuan Chau Port,17/11/2025,23:00,20.74454737784171,105.69157796561356,2
fAncDXdSvQQPif15upLak5gfGAqz,Hanoi - Gia Lam Station,Uong Bi Bus Station,30/12/2025,08:00,20.99496932593289,105.92461337224624,1
PSBsYbFPZh1ZBcovULcsasqktHsV,Hanoi - My Dinh Bus Station,Van Don Ferry Terminal,01/11/2025,19:45,20.72985101975367,105.66501504787144,2
ttXXYWpgSh7W4SCshJBg2ZS4zfNZ,Hanoi - Luong Yen Station,Van Don Ferry Terminal,19/11/2025,23:00,21.2475386422707,105.577635446156,0
xTCrmHjdpXrPbC9a5b0HPM4Tpx1a,Hanoi - Long Bien Station,Mong Cai Bus Station,05/01/2026,09:15,20.79307954030176,105.61054830936112,2
mkUUfK7swwnVB5wZZfdFb8omh6Hd,Hanoi - Giap Bat Station,Ha Long - Tuan Chau Port,11/12/2025,04:30,21.13491513884035,105.60506835832476,0
nFNtsmGHTwwat85zMCPL19X0sizk,Hanoi - Gia Lam Station,Uong Bi Bus Station,14/12/2025,21:45,20.78582478570761,105.95360443065306,1
HFYRKef59G9m1dzJFBufd7EehDeg,Hanoi - Long Bien Station,Uong Bi Bus Station,02/11/2025,13:45,21.18331960605887,105.51494471944216,0
u9AgXaioaYFcxVkDhmjMCt7RndL2,Hanoi - Giap Bat Station,Ha Long - Tuan Chau Port,11/11/2025,21:30,21.13496232701332,105.86901966113749,1
JUR6jWT0d6yoBYp6jLjHnZ2PoEmL,Hanoi - My Dinh Bus Station,Mong Cai Bus Station,15/10/2025,04:00,20.83662242296801,105.95811193231192,1
qCzkTtzrYKAWton06hvxJkQgoJp7,Hanoi - Long Bien Station,Van Don Ferry Terminal,27/11/2025,13:30,20.91165151170371,105.7129265410186,2
MCork7ecnXRx9wqhFHAB0njp1hct,Hanoi - Yen Nghia Station,Cam Pha Bus Station,17/10/2025,12:45,20.94120385858065,105.6897936935666,2
NxTxCgXGLK77msBjxX6dryq5DR6a,Hanoi - Long Bien Station,Ha Long - Tuan Chau Port,13/11/2025,07:45,21.28068767466809,105.5600120615714,0
ECN9rBKMYALGY4LAZwHFTk8JpsS3,Hanoi - Giap Bat Station,Mong Cai Bus Station,17/12/2025,12:30,20.72962224373374,105.96582176817851,1
WH8UkHAHP2RE21ZdCSzuBmw4N8fi,Hanoi - Yen Nghia Station,Ha Long - Bai Chay Station,14/12/2025,08:15,21.1278345191084,106.0782347181242,1
5Lp8kFfCzyNwcFrNvmePAsReZK69,Hanoi - Long Bien Station,Mong Cai Bus Station,23/10/2025,08:00,20.95473751088835,105.79808520726708,2
5aTe0ex4VSeyqcgU6W3LGqmBPPvU,Hanoi - My Dinh Bus Station,Mong Cai Bus Station,20/12/2025,12:00,21.14481393025121,105.79981082131332,0
Ky86bwZ1Qm4TX6NZYfrfm2g81uoV,Hanoi - My Dinh Bus Station,Van Don Ferry Terminal,09/12/2025,14:00,20.8892542029761,105.86466294149965,1
4jK83WofNSmxFJTHf88uuwLaSQ3y,Hanoi - Luong Yen Station,Ha Long - Bai Chay Station,14/10/2025,11:15,21.13547945447726,105.73654766963904,0
i2z6p7hb9jS5cngij2BnQ0J3Dwj7,Hanoi - Yen Nghia Station,Ha Long - Tuan Chau Port,15/12/2025,07:45,21.0005509769674,105.90454333276578,1
ajQAcjdaq89Z52RmoaY6y66BGRPM,Hanoi - Yen Nghia Station,Van Don Ferry Terminal,12/12/2025,08:30,20.76578504399378,105.86169895691516,2
0bYyoVdBWYF3riQDB5rCeEV3aW6Z,Hanoi - Gia Lam Station,Mong Cai Bus Station,18/12/2025,15:00,20.7252135879223,105.50855073024115,2
bAMbFqZbzmvAymAED7BwCrWrJBBh,Hanoi - Giap Bat Station,Mong Cai Bus Station,02/11/2025,19:45,20.75062656009876,105.736935869683,2
nHZPMGctigBfiwzUSvtN3syFfQcz,Hanoi - Giap Bat Station,Cam Pha Bus Station,31/12/2025,04:45,21.2914529636462,105.98999484471427,1
kypn0whS0WwRx72y51XmF5NyTMFf,Hanoi - My Dinh Bus Station,Cam Pha Bus Station,18/11/2025,17:30,21.13864368123646,105.90052947725177,1
tPREfq9FTQvBhTfeeaNu71mjsbsn,Hanoi - Yen Nghia Station,Ha Long - Bai Chay Station,30/11/2025,23:45,21.0651917755367,105.96194993404076,1
ivg27bdNU4TACKs7pf2jhZ9NSvhf,Hanoi - Luong Yen Station,Uong Bi Bus Station,30/10/2025,06:30,20.86694626048584,105.89880924150756,1
9wFjiyYk0n0NjQ3LopyBegCpGQFe,Hanoi - My Dinh Bus Station,Ha Long - Tuan Chau Port,18/12/2025,07:00,21.0329506247014,105.65981733376756,0
YQkbfFRCAcamFeuqMLRLmNizXbTs,Hanoi - Gia Lam Station,Ha Long - Bai Chay Station,16/11/2025,21:00,20.95894389222753,105.7764061479496,2
cb2Kj2LnBt5q1MAjx8wJwxVKrKBy,Hanoi - Luong Yen Station,Mong Cai Bus Station,10/12/2025,12:15,21.2772266406652,105.83369437600548,0
Pdi5jJiP16T06whJmu45WZsbkqxk,Hanoi - Gia Lam Station,Ha Long - Tuan Chau Port,02/11/2025,20:45,21.27887161882479,105.87239887381097,0
QrHt5TWB0P1fiTqrZFmvNk0AGKXQ,Hanoi - My Dinh Bus Station,Van Don Ferry Terminal,21/11/2025,06:00,20.94447305670577,105.54161585422146,2
ciAWhjzcDWxzHu2smP0y6tgbHKXR,Hanoi - My Dinh Bus Station,Ha Long - Bai Chay Station,26/10/2025,10:45,20.96236890501102,106.06533668833248,1
021vVgEVfNJQFLzTZJ08m79hgHQM,Hanoi - Gia Lam Station,Uong Bi Bus Station,31/12/2025,11:15,21.10454391589331,105.9198616450083,1
gEsT8hZGNy5cKe9AFAeok4Fq1NRH,Hanoi - Yen Nghia Station,Mong Cai Bus Station,09/11/2025,06:15,20.92259550113767,106.03633485935852,1
sgj32J9fbvCsiJGv5obrGMGNjYbD,Hanoi - Long Bien Station,Mong Cai Bus Station,11/12/2025,21:30,20.84915267727815,105.58987441858255,2
pbUSUb4pV23C7RfMBWckR359J3ca,Hanoi - My Dinh Bus Station,Ha Long - Bai Chay Station,05/12/2025,09:45,20.96720356699489,105.6787355526357,2
EJAqjVKcSBepUKarrAeoHGQ4We2E,Hanoi - Luong Yen Station,Cam Pha Bus Station,14/12/2025,10:00,20.87215780227312,106.03267850784631,1
ArPAAVLaNzeF7dhGX9YM3oR9CF7J,Hanoi - Luong Yen Station,Ha Long - Bai Chay Station,12/11/2025,06:15,21.09298646151132,105.72667431195606,0
uP05Soc66vCLPh7Kxvpa5uERGgkW,Hanoi - Giap Bat Station,Ha Long - Tuan Chau Port,06/11/2025,23:45,20.91468099443644,105.61796336741013,2
AwsHYvPhp67GAGeJ8gHzfLJVyW4o,Hanoi - Gia Lam Station,Uong Bi Bus Station,08/12/2025,08:30,21.19655429327195,105.59873044747629,0
yC2piXmV4cQvr7k74iU2t4qiY4Yz,Hanoi - Luong Yen Station,Cam Pha Bus Station,25/11/2025,10:00,20.92061728513281,106.09316838076896,1
fBXQQaXaKuzwDDHGBm5eWQChAzv1,Hanoi - Giap Bat Station,Mong Cai Bus Station,02/11/2025,04:00,21.22989198174269,106.08532246551978,1
fAncDXdSvQQPif15upLak5gfGAqz,Hanoi - Yen Nghia Station,Van Don Ferry Terminal,23/12/2025,15:45,20.94862434629693,105.76921720515524,2
EUZqzUcC38ndZ4rkUXyz9CBfrTwj,Hanoi - Long Bien Station,Cam Pha Bus Station,27/11/2025,22:45,21.09429123260485,105.94618647749316,1
1VSbGmFH4i33RPGgkM8DWVAty8rV,Hanoi - Gia Lam Station,Uong Bi Bus Station,21/11/2025,09:15,20.88938238533058,105.73546211552464,2
Dvax2KT5TPE5f0eTd2aTPLrPHdvg,Hanoi - Giap Bat Station,Ha Long - Tuan Chau Port,19/11/2025,20:15,20.820820956626,105.65997529027356,2
ununMVykABX9yMwfoGRtgzLpitgH,Hanoi - Gia Lam Station,Mong Cai Bus Station,24/12/2025,08:30,20.93187684993846,105.79596720448512,2
YQkbfFRCAcamFeuqMLRLmNizXbTs,Hanoi - Long Bien Station,Ha Long - Tuan Chau Port,06/12/2025,08:15,20.74693703238827,105.69240267698166,2
4YsY0BBigWuVeW9Hhfnq2LKojPdq,Hanoi - Yen Nghia Station,Uong Bi Bus Station,13/11/2025,05:15,20.7717035311717,105.913887462595,1
Pdi5jJiP16T06whJmu45WZsbkqxk,Hanoi - My Dinh Bus Station,Ha Long - Bai Chay Station,18/10/2025,21:15,20.98584461357172,105.76632942665373,2
nhv4oGbLtJavMUnMHte1sBem7ixh,Hanoi - Luong Yen Station,Cam Pha Bus Station,08/12/2025,10:30,20.8452199967299,106.00135254014327,1
NXnF71i8zP9iGrUvqX2gU6z9UE11,Hanoi - Long Bien Station,Ha Long - Tuan Chau Port,25/11/2025,13:30,21.08864341018869,106.02115246058564,1
bAMbFqZbzmvAymAED7BwCrWrJBBh,Hanoi - Yen Nghia Station,Van Don Ferry Terminal,27/12/2025,16:45,20.79922581379921,106.03237298346392,1
dtTEqgF0GBAWvK83TnBCfW0HSx8K,Hanoi - My Dinh Bus Station,Ha Long - Tuan Chau Port,05/01/2026,08:15,20.75161692304395,106.03398837425782,1
i03h2dmt9C4UWf92Gevw1iSeMd4x,Hanoi - Giap Bat Station,Cam Pha Bus Station,12/10/2025,07:45,21.12860494571033,105.70876357586566,0
4EUWLSSEAc6880ScADGRBVHGumn5,Hanoi - Luong Yen Station,Uong Bi Bus Station,20/11/2025,06:45,21.1339213617219,106.01437890971047,1
xTCrmHjdpXrPbC9a5b0HPM4Tpx1a,Hanoi - Giap Bat Station,Ha Long - Bai Chay Station,05/01/2026,08:15,20.88953937585778,105.79515095780502,2
nfrbbBmwXucXGu0h9u5r4tzkjPdY,Hanoi - Yen Nghia Station,Van Don Ferry Terminal,26/12/2025,09:30,21.28765346848083,106.03695865482426,1
98xt5hbWMN2fQ6v9Yz1Yc42oaPKe,Hanoi - Long Bien Station,Ha Long - Bai Chay Station,14/12/2025,13:30,20.84589286524794,105.8499397700066,2
ttXXYWpgSh7W4SCshJBg2ZS4zfNZ,Hanoi - Long Bien Station,Uong Bi Bus Station,06/12/2025,17:30,21.26079119646529,105.78477563768674,0
wh4s1MCvTY53RNEbHjmGS0zV6NNe,Hanoi - Gia Lam Station,Ha Long - Bai Chay Station,09/11/2025,04:15,21.05304221813394,106.02625242839449,1
QRi2TPA1X52ow1AvdH9qJK2eZWQ6,Hanoi - Luong Yen Station,Ha Long - Bai Chay Station,04/01/2026,11:45,20.77273402381322,105.78528654760262,2
QRi2TPA1X52ow1AvdH9qJK2eZWQ6,Hanoi - Giap Bat Station,Cam Pha Bus Station,13/12/2025,12:15,20.77294435965685,105.81939339300548,2
bAMbFqZbzmvAymAED7BwCrWrJBBh,Hanoi - Giap Bat Station,Ha Long - Bai Chay Station,25/12/2025,07:00,20.96022835325642,105.81780233367476,1
v2Eza7jidyWcFHvuTHwDj6JRW2n9,Hanoi - Long Bien Station,Ha Long - Bai Chay Station,29/12/2025,13:00,21.22901450613353,105.994273084202,1
u30qxonu5qWwnaXS0scKCZW8TmoW,Hanoi - My Dinh Bus Station,Ha Long - Bai Chay Station,10/10/2025,18:00,21.22456960441455,105.94195174823577,1
Xe0MvLP5TjkjQDzLKbwXSq2CjojL,Hanoi - Giap Bat Station,Mong Cai Bus Station,02/01/2026,17:00,20.88210952928315,105.97149293993157,1
EkAVy15vTEjd3E93QssSC94dqrWd,Hanoi - Long Bien Station,Ha Long - Tuan Chau Port,18/11/2025,06:30,21.04845019781118,105.60011587558168,0
4cuXkyqQCY4unwhuhvdDrsX6ZNkS,Hanoi - Luong Yen Station,Uong Bi Bus Station,08/12/2025,15:00,20.84281601853812,105.85589306209684,2
eAVHWHf9kD3GQQyrKX6MaoZ7ydxN,Hanoi - Yen Nghia Station,Van Don Ferry Terminal,30/10/2025,06:45,20.92405281959607,106.02689678684716,1
YQkbfFRCAcamFeuqMLRLmNizXbTs,Hanoi - Giap Bat Station,Uong Bi Bus Station,30/11/2025,10:00,21.00236753787694,105.88682653160365,1
